{"cameraMode":{"drawMode":0,"name":"Shaded","section":"Shading Mode"},"sceneLighting":true,"audioPlay":false,"sceneViewState":{"showFog":false,"showMaterialUpdate":false,"showSkybox":false,"showFlares":false,"showImageEffects":false,"showParticleSystems":false},"in2DMode":false,"pivot":{"x":-8.461433410644532,"y":13.872234344482422,"z":12.7972412109375},"rotation":{"x":0.0014944147551432253,"y":0.08598627895116806,"z":0.00012890112702734768,"w":-0.9962974786758423},"size":106.02871704101563,"orthographic":false}