{"cameraMode":{"drawMode":0,"name":"Shaded","section":"Shading Mode"},"sceneLighting":true,"audioPlay":false,"sceneViewState":{"showFog":false,"showMaterialUpdate":false,"showSkybox":false,"showFlares":false,"showImageEffects":false,"showParticleSystems":false},"in2DMode":false,"pivot":{"x":11.898565292358399,"y":2.55501127243042,"z":-15.520805358886719},"rotation":{"x":-0.06174740940332413,"y":0.027541598305106164,"z":-0.0017034802585840226,"w":-0.9977165460586548},"size":64.7912368774414,"orthographic":false}