{"cameraMode":{"drawMode":0,"name":"Shaded","section":"Shading Mode"},"sceneLighting":true,"audioPlay":false,"sceneViewState":{"showFog":false,"showMaterialUpdate":false,"showSkybox":false,"showFlares":false,"showImageEffects":false,"showParticleSystems":false},"in2DMode":false,"pivot":{"x":0.14893214404582978,"y":0.2584407329559326,"z":1.3509488105773926},"rotation":{"x":-0.2437840700149536,"y":-0.01833142712712288,"z":0.00460877176374197,"w":-0.9696473479270935},"size":5.829888820648193,"orthographic":false}